mutation,iteration,wt_total_score_reu,mutant_total_score_reu,ddg_reu,approx_ddg_kcal_mol,seed,source_ddg_file
W59A,1,-1613.128,-1617.784851,-4.656851,-1.583962974,408001,results/raw/W59A/W59A.ddg
W59A,2,-1613.137,-1617.800556,-4.663556,-1.586243732,408001,results/raw/W59A/W59A.ddg
W59A,3,-1613.159,-1617.824306,-4.665306,-1.586838776,408001,results/raw/W59A/W59A.ddg
V94A,1,-1612.135,-1615.752662,-3.617661638,-1.230497353,408002,results/raw/V94A/V94A.ddg
V94A,2,-1612.127,-1615.74028,-3.613279913,-1.229007019,408002,results/raw/V94A/V94A.ddg
V94A,3,-1612.135,-1615.752662,-3.617661638,-1.230497353,408002,results/raw/V94A/V94A.ddg
L99I,1,-1614.651,-1618.735854,-4.084854465,-1.389407992,408003,results/raw/L99I/L99I.ddg
L99I,2,-1614.648,-1618.747655,-4.099654662,-1.394440059,408003,results/raw/L99I/L99I.ddg
L99I,3,-1614.651,-1618.745721,-4.094721263,-1.392762704,408003,results/raw/L99I/L99I.ddg
L105Y,1,-1614.044,-1617.048601,-3.004600852,-1.021973091,408004,results/raw/L105Y/L105Y.ddg
L105Y,2,-1614.08,-1617.092392,-3.012391916,-1.02462297,408004,results/raw/L105Y/L105Y.ddg
L105Y,3,-1614.064,-1617.069059,-3.00505915,-1.022128913,408004,results/raw/L105Y/L105Y.ddg
G121D,1,-1616.228,-1612.785438,3.442561883,1.170939896,408005,results/raw/G121D/G121D.ddg
G121D,2,-1616.228,-1612.785438,3.442561883,1.170939896,408005,results/raw/G121D/G121D.ddg
G121D,3,-1616.228,-1612.785438,3.442561883,1.170939896,408005,results/raw/G121D/G121D.ddg
T136G,1,-1613.808,-1617.232839,-3.424838954,-1.164911216,408006,results/raw/T136G/T136G.ddg
T136G,2,-1613.809,-1617.238982,-3.429982127,-1.166660409,408006,results/raw/T136G/T136G.ddg
T136G,3,-1613.797,-1617.216181,-3.419181464,-1.162986641,408006,results/raw/T136G/T136G.ddg
W168G,1,-1614.768,-1618.834725,-4.066725028,-1.383239864,408007,results/raw/W168G/W168G.ddg
W168G,2,-1614.769,-1618.838739,-4.069738533,-1.384264833,408007,results/raw/W168G/W168G.ddg
W168G,3,-1614.773,-1618.842739,-4.069738533,-1.384264833,408007,results/raw/W168G/W168G.ddg
P173E,1,-1615.607,-1614.6348,0.972199613,0.330680046,408008,results/raw/P173E/P173E.ddg
P173E,2,-1615.607,-1614.6348,0.972199613,0.330680046,408008,results/raw/P173E/P173E.ddg
P173E,3,-1615.607,-1614.6348,0.972199613,0.330680046,408008,results/raw/P173E/P173E.ddg
L196Y,1,-1613.923,-1615.493292,-1.570291651,-0.534112824,408009,results/raw/L196Y/L196Y.ddg
L196Y,2,-1613.919,-1615.486561,-1.56756114,-0.533184078,408009,results/raw/L196Y/L196Y.ddg
L196Y,3,-1613.919,-1615.046949,-1.127948982,-0.383656121,408009,results/raw/L196Y/L196Y.ddg
A203M,1,-1613.809,-1622.846059,-9.037058743,-3.073829683,408010,results/raw/A203M/A203M.ddg
A203M,2,-1613.802,-1622.849524,-9.047524359,-3.077387992,408010,results/raw/A203M/A203M.ddg
A203M,3,-1613.802,-1622.802429,-9.00042909,-3.061370368,408010,results/raw/A203M/A203M.ddg
N209R,1,-1613.982,-1619.134942,-5.152942368,-1.752701813,408011,results/raw/N209R/N209R.ddg
N209R,2,-1613.971,-1619.096089,-5.125088626,-1.743226476,408011,results/raw/N209R/N209R.ddg
N209R,3,-1613.99,-1619.1632,-5.173199635,-1.759591816,408011,results/raw/N209R/N209R.ddg
N210P,1,-1611.861,-1617.013988,-5.152988498,-1.752717062,408012,results/raw/N210P/N210P.ddg
N210P,2,-1611.861,-1617.013988,-5.152988498,-1.752717062,408012,results/raw/N210P/N210P.ddg
N210P,3,-1611.861,-1617.011226,-5.150225502,-1.751777367,408012,results/raw/N210P/N210P.ddg
S213T,1,-1611.867,-1622.44212,-10.57511982,-3.59698201,408013,results/raw/S213T/S213T.ddg
S213T,2,-1611.846,-1622.247473,-10.40147253,-3.537907203,408013,results/raw/S213T/S213T.ddg
S213T,3,-1611.847,-1621.849084,-10.00208377,-3.40206293,408013,results/raw/S213T/S213T.ddg
C228T,1,-1611.957,-1622.40392,-10.44692,-3.55337378,408014,results/raw/C228T/C228T.ddg
C228T,2,-1611.956,-1622.397969,-10.44196886,-3.55169039,408014,results/raw/C228T/C228T.ddg
C228T,3,-1611.952,-1622.374164,-10.42216427,-3.544951879,408014,results/raw/C228T/C228T.ddg
T230V,1,-1614.035,-1629.529218,-15.49421847,-5.270149958,408015,results/raw/T230V/T230V.ddg
T230V,2,-1614.019,-1629.09838,-15.07937996,-5.129042637,408015,results/raw/T230V/T230V.ddg
T230V,3,-1614.017,-1629.137864,-15.12086381,-5.143147147,408015,results/raw/T230V/T230V.ddg
L239F,1,-1615.156,-1616.370157,-1.214156558,-0.41297839,408016,results/raw/L239F/L239F.ddg
L239F,2,-1615.156,-1616.276295,-1.120294662,-0.381052551,408016,results/raw/L239F/L239F.ddg
L239F,3,-1615.156,-1616.280947,-1.124947048,-0.38263506,408016,results/raw/L239F/L239F.ddg
D244E,1,-1613.841,-1614.35,-0.509,-0.173129,408017,results/raw/D244E/D244E.ddg,results/raw/D244E/D244E.ddg
D244E,2,-1613.841,-1614.35,-0.509,-0.173129,408017,results/raw/D244E/D244E.ddg,results/raw/D244E/D244E.ddg
D244E,3,-1613.841,-1614.35,-0.509,-0.173129,408017,results/raw/D244E/D244E.ddg,results/raw/D244E/D244E.ddg
H250P,1,-1614.016,-1617.698753,-3.682753212,-1.252637087,408018,results/raw/H250P/H250P.ddg
H250P,2,-1614.004,-1617.676011,-3.672010627,-1.248983632,408018,results/raw/H250P/H250P.ddg
H250P,3,-1614.021,-1617.708636,-3.687636205,-1.254298281,408018,results/raw/H250P/H250P.ddg
F255R,1,-1611.939,-1615.563488,-3.624488109,-1.232818994,408019,results/raw/F255R/F255R.ddg
F255R,2,-1611.953,-1615.579087,-3.626087148,-1.2333632,408019,results/raw/F255R/F255R.ddg
F255R,3,-1611.945,-1615.566823,-3.621823044,-1.231912339,408019,results/raw/F255R/F255R.ddg
P272E,1,-1613.8,-1612.388242,1.411758371,0.480189985,408020,results/raw/P272E/P272E.ddg
P272E,2,-1613.8,-1612.388242,1.411758371,0.480189985,408020,results/raw/P272E/P272E.ddg
P272E,3,-1613.809,-1612.392618,1.416382033,0.481762544,408020,results/raw/P272E/P272E.ddg
T306L,1,-1615.342,-1615.979,0.088199864,0.03,408021,results/raw/T306L/T306L.ddg,results/raw/T306L/T306L.ddg
T306L,2,-1615.342,-1615.979,0.088199864,0.03,408021,results/raw/T306L/T306L.ddg,results/raw/T306L/T306L.ddg
T306L,3,-1615.342,-1615.979,0.088199864,0.03,408021,results/raw/T306L/T306L.ddg,results/raw/T306L/T306L.ddg
N311D,1,-1615.429,-1615.249259,0.179740845,0.061136336,408022,results/raw/N311D/N311D.ddg
N311D,2,-1615.429,-1615.249259,0.179740845,0.061136336,408022,results/raw/N311D/N311D.ddg
N311D,3,-1615.429,-1615.250603,0.178397491,0.060679327,408022,results/raw/N311D/N311D.ddg
