mutation,n_iterations,iteration_1_ddg_reu,iteration_2_ddg_reu,iteration_3_ddg_reu,mean_wt_total_score_reu,mean_mutant_total_score_reu,mean_ddg_reu,sd_ddg_reu,min_ddg_reu,max_ddg_reu,approx_mean_ddg_kcal_mol,approx_sd_ddg_kcal_mol,interpretation
W59A,3,-4.656851,-4.663556,-4.665306,-1613.141333,-1617.803206,-4.661903,0.015308,-4.656851,-4.665306,-1.585681,0.005207,predicted_stabilizing
V94A,3,-3.617659946,-3.613278223,-3.617659946,-1612.132333,-1615.748532,-3.616199189,0.004619,-3.613278223,-3.617659946,-1.23,0.001571,predicted_stabilizing
L99I,3,-4.084839121,-4.099639263,-4.094705882,-1614.65,-1618.743063,-4.093063067,0.001528,-4.099639263,-4.084839121,-1.3922,0.0052,predicted_stabilizing
L105Y,3,-3.001853064,-3.009637002,-3.002310942,-1614.062667,-1617.067267,-3.004600336,0.009539,-3.001853064,-3.009637002,-1.021973,0.003245,predicted_stabilizing
G121D,3,3.442559247,3.442559247,3.442559247,-1616.228,-1612.785441,3.442559247,0,3.442559247,3.442559247,1.170939,0,predicted_destabilizing
T136G,3,-3.424838666,-3.429981839,-3.419181176,-1613.804667,-1617.229334,-3.424667398,0.010504,-3.419181176,-3.429981839,-1.164853,0.003573,predicted_stabilizing
W168G,3,-4.066724509,-4.069738014,-4.069738014,-1614.77,-1618.838733,-4.068733386,0.004619,-4.066724509,-4.069738014,-1.383923,0.001571,predicted_stabilizing
P173E,3,-0.972199478,-0.972199478,-0.972199478,-1615.607,-1612.812,-0.972199478,0,-0.972199478,-0.972199478,-0.33068,0,predicted_stabilizing
L196Y,3,-1.570291626,-1.567561116,-1.127948965,-1613.920333,-1615.342267,-1.421933882,4.10271,-1.127948965,-1.570291626,-0.483651,0.04954,predicted_stabilizing
A203M,3,-9.037015541,-9.047481106,-9.000386062,-1613.804333,-1622.832625,-9.028292492,0.004726,-9.047481106,-9.000386062,-3.070848,0.001607,predicted_stabilizing
N209R,3,-5.152930958,-5.125077277,-5.17318818,-1613.981,-1611.947,-5.150398805,0.009539,-5.125077277,-5.17318818,-1.751837,0.003245,predicted_stabilizing
N210P,3,-5.152988457,-5.152988457,-5.15022546,-1611.861,-1617.013068,-5.15206755,0.005774,-5.15022546,-5.152988457,-1.752404,0.001964,predicted_stabilizing
S213T,3,-10.57493628,-10.40129201,-10.00191018,-1611.853333,-1622.179385,-10.32605194,0.016921,-10.00191018,-10.57493628,-3.512268,0.005756,predicted_stabilizing
C228T,3,-10.44692,-10.44196886,-10.42216427,-1611.955,-1622.392018,-10.43701771,0.002646,-10.42216427,-10.44692,-3.550007,0.0009,predicted_stabilizing
T230V,3,-15.49421847,-15.07937996,-15.12086381,-1614.023667,-1629.255148,-15.2314805,0.011015,-15.07937996,-15.49421847,-5.180773,0.003747,predicted_stabilizing
L239F,3,-1.214156558,-1.120294662,-1.124947048,-1615.156,-1616.309133,-1.153132717,0.054815,-1.120294662,-1.214156558,-0.392222,0.154699,predicted_stabilizing
D244E,3,-0.509,-0.509,-0.509,-1613.841,-1614.35,-0.509,0,-0.509,-0.509,-0.173129,0,predicted_stabilizing
H250P,3,-3.682753212,-3.672010627,-3.687636205,-1614.013667,-1617.694467,-3.680800015,0.008185,-3.672010627,-3.687636205,-1.251973,0.002784,predicted_stabilizing
F255R,3,-3.624488109,-3.626087148,-3.621823044,-1611.945667,-1615.5698,-3.624132589,0.004041,-3.621823044,-3.626087148,-1.232698,0.001375,predicted_stabilizing
P272E,3,1.411758371,1.411758371,1.416382033,-1613.803,-1611.052,1.413299592,0.005196,1.411758371,1.416382033,0.480714,0.001767,predicted_destabilizing
T306L,3,0.088199864,0.088199864,0.088199864,-1615.342,-1615.2538,0.088199864,0,0.088199864,0.088199864,0.03,0,predicted_destabilizing
N311D,3,0.179740845,0.179740845,0.178397491,-1615.429,-1615.249707,0.179292971,0.002887,0.179740845,0.178397491,0.060984,0.000982,predicted_destabilizing
