mutation,n_runs,mean_ddg_kcal_mol,sd_ddg_kcal_mol,min_ddg_kcal_mol,max_ddg_kcal_mol,exploratory_classification
WA59A,3,-3.777082827,0.030199256,-3.75249,-3.79517,predicted_stabilizing
VA94A,3,-0.764134386,0.008334099,-0.75809,-0.77142,predicted_stabilizing
LA99I,3,-1.0387918,0.063566227,-0.9662003,-1.08162,predicted_stabilizing
LA105Y,3,-1.400356666,0.152537282,-1.30139352,-1.57602201,predicted_stabilizing
GA121D,3,0.630272552,0.058082748,0.5683628,0.68356557,predicted_destabilizing
TA136G,3,-0.494924775,0.008293118,-0.48595464,-0.502313,predicted_stabilizing
WA168G,3,-4.455994371,0.056846995,-4.402867,-4.51594507,predicted_stabilizing
PA173E,3,-2.341215617,0.044546638,-2.291089904,-2.376276604,predicted_stabilizing
LA196Y,3,-1.802070097,0.079777792,-1.74579519,-1.89336883,predicted_stabilizing
AA203M,3,-2.4046633,0.248933032,-2.1700088,-2.6657633,predicted_stabilizing
NA209R,3,-0.544283663,0.031929928,-0.5185011,-0.5799996,predicted_stabilizing
NA210P,3,-1.413046167,0.090348253,-1.3092204,-1.4737888,predicted_stabilizing
SA213T,3,-8.358929392,0.047371856,-8.325733974,-8.413178674,predicted_stabilizing
CA228T,3,-5.698536226,0.165879793,-5.507518984,-5.80630925,predicted_stabilizing
TA230V,3,-1.054687255,0.163770963,-0.87923462,-1.203513555,predicted_stabilizing
LA239F,3,-4.638975567,0.376746117,-4.2683534,-5.021560682,predicted_stabilizing
DA244E,3,-0.40853449,0.094158866,-0.303908935,-0.486459997,predicted_stabilizing
HA250P,3,0.370083357,0.074046667,0.3240966,0.45550127,predicted_destabilizing
FA255R,3,-1.550161943,0.035685525,-1.52083698,-1.58989416,predicted_stabilizing
PA272E,3,-0.11094308,0.090721475,-0.0086099,-0.1815088,predicted_stabilizing
TA306L,3,-0.032334367,0.002100896,-0.0299132,-0.0336762,predicted_stabilizing
NA311D,3,0.181612473,0.007403567,0.177199155,0.190159855,predicted_destabilizing
