mutation,run,pdb_record,ddg_kcal_mol
WA59A,1,BhNIT_Repair_1_0.pdb,-3.77077042
WA59A,2,BhNIT_Repair_1_1.pdb,-3.80993937
WA59A,3,BhNIT_Repair_1_2.pdb,-3.75053869
VA94A,1,BhNIT_Repair_2_0.pdb,-0.764317491
VA94A,2,BhNIT_Repair_2_1.pdb,-0.772375423
VA94A,3,BhNIT_Repair_2_2.pdb,-0.755710243
LA99I,1,BhNIT_Repair_3_0.pdb,-1.0844961
LA99I,2,BhNIT_Repair_3_1.pdb,-1.065679
LA99I,3,BhNIT_Repair_3_2.pdb,-0.9662003
LA105Y,1,BhNIT_Repair_4_0.pdb,-1.30139352
LA105Y,2,BhNIT_Repair_4_1.pdb,-1.57602201
LA105Y,3,BhNIT_Repair_4_2.pdb,-1.323654468
GA121D,1,BhNIT_Repair_5_0.pdb,0.5683628
GA121D,2,BhNIT_Repair_5_1.pdb,0.638889287
GA121D,3,BhNIT_Repair_5_2.pdb,0.68356557
TA136G,1,BhNIT_Repair_6_0.pdb,-0.48595464
TA136G,2,BhNIT_Repair_6_1.pdb,-0.496506685
TA136G,3,BhNIT_Repair_6_2.pdb,-0.502313
WA168G,1,BhNIT_Repair_7_0.pdb,-4.51594507
WA168G,2,BhNIT_Repair_7_1.pdb,-4.402867
WA168G,3,BhNIT_Repair_7_2.pdb,-4.449171044
PA173E,1,BhNIT_Repair_8_0.pdb,-2.291089904
PA173E,2,BhNIT_Repair_8_1.pdb,-2.356280344
PA173E,3,BhNIT_Repair_8_2.pdb,-2.376276604
LA196Y,1,BhNIT_Repair_9_0.pdb,-1.76704627
LA196Y,2,BhNIT_Repair_9_1.pdb,-1.89336883
LA196Y,3,BhNIT_Repair_9_2.pdb,-1.74579519
AA203M,1,BhNIT_Repair_10_0.pdb,-2.1700088
AA203M,2,BhNIT_Repair_10_1.pdb,-2.3782178
AA203M,3,BhNIT_Repair_10_2.pdb,-2.6657633
NA209R,1,BhNIT_Repair_11_0.pdb,-0.53435029
NA209R,2,BhNIT_Repair_11_1.pdb,-0.5799996
NA209R,3,BhNIT_Repair_11_2.pdb,-0.5185011
NA210P,1,BhNIT_Repair_12_0.pdb,-1.4561293
NA210P,2,BhNIT_Repair_12_1.pdb,-1.3092204
NA210P,3,BhNIT_Repair_12_2.pdb,-1.4737888
SA213T,1,BhNIT_Repair_13_0.pdb,-8.33787553
SA213T,2,BhNIT_Repair_13_1.pdb,-8.325733974
SA213T,3,BhNIT_Repair_13_2.pdb,-8.413178674
CA228T,1,BhNIT_Repair_14_0.pdb,-5.781780444
CA228T,2,BhNIT_Repair_14_1.pdb,-5.80630925
CA228T,3,BhNIT_Repair_14_2.pdb,-5.507518984
TA230V,1,BhNIT_Repair_15_0.pdb,-0.87923462
TA230V,2,BhNIT_Repair_15_1.pdb,-1.081313591
TA230V,3,BhNIT_Repair_15_2.pdb,-1.203513555
LA239F,1,BhNIT_Repair_16_0.pdb,-4.627012618
LA239F,2,BhNIT_Repair_16_1.pdb,-4.2683534
LA239F,3,BhNIT_Repair_16_2.pdb,-5.021560682
DA244E,1,BhNIT_Repair_17_0.pdb,-0.486459997
DA244E,2,BhNIT_Repair_17_1.pdb,-0.303908935
DA244E,3,BhNIT_Repair_17_2.pdb,-0.435234537
HA250P,1,BhNIT_Repair_18_0.pdb,0.45550127
HA250P,2,BhNIT_Repair_18_1.pdb,0.3306522
HA250P,3,BhNIT_Repair_18_2.pdb,0.4780812
FA255R,1,BhNIT_Repair_19_0.pdb,-1.53975469
FA255R,2,BhNIT_Repair_19_1.pdb,-1.58989416
FA255R,3,BhNIT_Repair_19_2.pdb,-1.52083698
PA272E,1,BhNIT_Repair_20_0.pdb,-0.1815088
PA272E,2,BhNIT_Repair_20_1.pdb,-0.0086099
PA272E,3,BhNIT_Repair_20_2.pdb,-0.14271054
TA306L,1,BhNIT_Repair_21_0.pdb,-0.0336762
TA306L,2,BhNIT_Repair_21_1.pdb,-0.0299132
TA306L,3,BhNIT_Repair_21_2.pdb,-0.0334137
NA311D,1,BhNIT_Repair_22_0.pdb,0.177478408
NA311D,2,BhNIT_Repair_22_1.pdb,0.190159855
NA311D,3,BhNIT_Repair_22_2.pdb,0.177199155
