mutant,position,wild_type,substitution,deltaE_epistatic_full,deltaE_epistatic_couplings,deltaE_epistatic_fields,deltaE_independent,input_order
W59A,59,W,A,0.39874503,0.15138391,0.24736112,0.33795423,1
V94A,94,V,A,0.12748843,3.23069482,-3.1032064,3.24850519,2
L99I,99,L,I,1.31279609,0.21953914,1.09325695,0.93560629,3
L105Y,105,L,Y,5.15388514,4.31118704,0.8426981,-0.92335481,4
G121D,121,G,D,-9.19213263,-9.87743715,0.68530452,-0.52641699,5
T136G,136,T,G,0.70699183,3.9812955,-3.27430367,3.50523516,6
W168G,168,W,G,0.18607209,1.77199266,-1.58592057,2.03140833,7
P173E,173,P,E,0.2985135,3.67026552,-3.37175202,3.76472566,8
L196Y,196,L,Y,6.22777171,6.73716969,-0.50939798,-0.64077664,9
A203M,203,A,M,0.64380216,3.22054123,-2.57673907,2.61797235,10
N209R,209,N,R,7.33440847,5.79490871,1.53949976,1.64442947,11
N210P,210,N,P,1.61484305,3.01139442,-1.39655137,1.42218269,12
S213T,213,S,T,4.53574311,4.90192925,-0.36618614,0.3054411,13
C228T,228,C,T,5.75743235,5.80652917,-0.04909682,0.16940319,14
T230V,230,T,V,0.82421599,-0.08268358,0.90689957,1.08227425,15
L239F,239,L,F,5.21287707,5.96558598,-0.75270891,0.75213377,16
D244E,244,D,E,-3.05504008,-2.960808,-0.09423208,-0.11081677,17
H250P,250,H,P,-5.94362217,-5.87023509,-0.07338709,-0.03270865,18
F255R,255,F,R,3.8029319,2.62697446,1.17595744,1.22239982,19
P272E,272,P,E,0.19997145,-0.04245471,0.24242616,0.15042423,20
T306L,306,T,L,2.54307655,1.58171586,0.96136069,0.95556855,21
N311D,311,N,D,-4.30561951,-4.33901266,0.03339314,-0.06092965,22
